hour,comments,avg_score
0,160141,4.786856582636552
1,157948,4.644161369564666
2,154780,4.715060085282336
3,158675,4.863973530801954
4,146315,5.3564364555923865
5,147931,5.002832401592634
6,137104,4.543200781888202
7,116822,4.127955350875691
8,90739,3.8959543305524638
9,78850,3.891540900443881
10,58725,3.996832694763729
11,49952,4.0185578155028825
12,55633,4.414268509697481
13,69101,4.4322658138087725
14,89532,4.7629450922575165
15,111909,5.518555254715885
16,134829,5.771436412047853
17,148736,5.507946966437177
18,158249,5.161296437892182
19,161711,5.111934253081114
20,159325,5.268206496155656
21,157683,4.797898314973713
22,153156,4.687677923163311
23,142154,4.741639348875164
